The @memgrizz get the ğŸ›‘ to secure the @NBASummerLeague title ğŸ†! #NBABreakdown https://t.co/up9WYwyzFU,"Happy #WorldEmojiDay 

Celebrate with your very own #NBA emojis from the #NBAmoji app! 
App Store:â€¦ https://t.co/098goJl8PN","RT @WNBA: At the half the @AtlantaDream have a 46-36 lead over the @wnbachicagosky 

Second half on @Twitter!  https://t.co/z2csly3B9o","âœˆï¸ğŸ’¥ğŸ†™

The BEST DUNKS of #NBASummer in Sacramento, Salt Lake City &amp; Las Vegas! https://t.co/SXbwzUkPLD","RT @WNBA: Today's matinee matchup on @Twitter! 
ğŸ€ @AtlantaDream vs. @wnbachicagosky  https://t.co/z2csly3B9o","ğŸ‘€ watch the BEST ASSISTS of #NBASummer in Sacramento, Salt Lake City &amp; Las Vegas! https://t.co/XapDDr7Jpm","Relive the BEST PLAYS of #NBASummer in Sacramento, Salt Lake City &amp; Las Vegas! https://t.co/zSLRjf14wZ",Join us in wishing @OAnunoby a HAPPY 22nd BIRTHDAY! #NBABDAY https://t.co/WXV57drr3T,ğŸ‘€ğŸ”¥ the BEST PLAYS of the 2019 @NBASummerLeague in Las Vegas! #NBASummer https://t.co/kMIkWxLyEW,ğŸ‘€ the BEST #ATT DUNKS from the @nbasummerleague Championship! #NBASummer https://t.co/rEhlUxbJCG,TOP 3 #StateFarmAssists of @NBASummerLeague! #NBASummer https://t.co/B54NHezD8P,"RT @MGMResortsIntl: Budweiser LIVE @MGMGrand and the Fan Village @NYNYVegas brought the ğŸ”¥ for the MGM Resorts @NBASummerLeague! ğŸ€ğŸ˜± 

Reâ€¦ https://t.co/bpZhP2Kc40","â­ï¸ @TheReal_NAW1 
â­ï¸ @_bigjayy_ 
â­ï¸ @brandonclarke23 
â­ï¸ @nunnbetter_ 
â­ï¸ @23savage____ 

Watch the BEST PLAYS fromâ€¦ https://t.co/AWxRoyLf4e","RT @jrnba: ""We are Power Elite!"" Drive5 Power Elite is headed back to defend their #JrNBAGlobalChampionship title in August! Râ€¦ https://t.co/dgSywUp1pp","RT @nbastats: The 2019 #NBAHackathon has been extended one week until July 23rd at 11:59 PM ET! 

APPLY NOW:â€¦ https://t.co/ZRALopDb93","ğŸ†ğŸ†ğŸ†

@NBASummerLeague MVP &amp; Championship MVP... look back on @brandonclarke23's epic #NBASummer! https://t.co/ciyg8DUIyi",ğŸ’¥ @hayes_jaxson's POWERFUL dunk is the @NBASummerLeague #KiaTopPlay! ğŸ’¥ https://t.co/RJcGX0Hide,"RT @NBADraft: ""I was honored to represent the Boston @Celtics franchise...""

First Round #NBADraft pick @Grant2Will recaps hisâ€¦ https://t.co/WnNH1VHBR0","RT @NBADraft: ""It's gonna be great..."" ğŸ‘

@_claxton33 of the @BrooklynNets recaps his first @NBASummerLeague experience!â€¦ https://t.co/KNxJZQgflY",Relive the @NBASummerLeague Championship Presentation for the @memgrizz &amp; Championship Game MVP @brandonclarke23!â€¦ https://t.co/Ih5B0qvWWM
